inventory_id,medicine_code,medicine_name,category,dosage_form,strength,unit,ward_code,ward_name,batch_number,received_date,expiry_date,current_stock,safety_stock,avg_daily_usage,days_of_stock,reorder_point,lead_time_days,supplier,unit_price_inr,criticality,storage_condition,risk_scenario,data_source
INV-01-01,MED-PARA-500,Paracetamol,Analgesic,Tablet,500 mg,tablet,EMR,Emergency Ward,B20260101,2026-07-05,2026-11-02,540,350,67,8.1,551,5,MEDICARE PHARMA,1.8,MEDIUM,Room Temp,NORMAL,SYNTHETIC
INV-01-02,MED-PARA-500,Paracetamol,Analgesic,Tablet,500 mg,tablet,ICU,ICU,B20260102,2026-07-15,2026-11-12,480,350,74,6.5,572,5,MEDICARE PHARMA,1.8,MEDIUM,Room Temp,NORMAL,SYNTHETIC
INV-01-03,MED-PARA-500,Paracetamol,Analgesic,Tablet,500 mg,tablet,OPD,OPD Store,B20260103,2026-08-09,2026-12-07,810,315,80,10.1,555,5,MEDICARE PHARMA,1.8,MEDIUM,Room Temp,NORMAL,SYNTHETIC
INV-01-04,MED-PARA-500,Paracetamol,Analgesic,Tablet,500 mg,tablet,GEN,General Ward,B20260104,2026-09-18,2027-01-16,570,350,86,6.6,608,5,MEDICARE PHARMA,1.8,MEDIUM,Room Temp,NORMAL,SYNTHETIC
INV-01-05,MED-PARA-500,Paracetamol,Analgesic,Tablet,500 mg,tablet,PED,Pediatrics Ward,B20260105,2026-11-07,2027-03-07,420,350,93,4.5,629,5,MEDICARE PHARMA,1.8,MEDIUM,Room Temp,NORMAL,SYNTHETIC
INV-02-01,MED-CEF-1G,Ceftriaxone,Antibiotic,Injection,1 g,vial,EMR,Emergency Ward,B20260201,2026-07-15,2026-11-12,144,100,29,5.0,187,3,LIFECARE SUPPLIES,42.0,HIGH,Room Temp,NORMAL,SYNTHETIC
INV-02-02,MED-CEF-1G,Ceftriaxone,Antibiotic,Injection,1 g,vial,ICU,ICU,B20260202,2026-08-09,2026-12-07,128,100,32,4.0,196,3,LIFECARE SUPPLIES,42.0,HIGH,Room Temp,NORMAL,SYNTHETIC
INV-02-03,MED-CEF-1G,Ceftriaxone,Antibiotic,Injection,1 g,vial,OPD,OPD Store,B20260203,2026-09-18,2027-01-16,216,90,35,6.2,195,3,LIFECARE SUPPLIES,42.0,HIGH,Room Temp,NORMAL,SYNTHETIC
INV-02-04,MED-CEF-1G,Ceftriaxone,Antibiotic,Injection,1 g,vial,GEN,General Ward,B20260204,2026-11-07,2027-03-07,152,100,38,4.0,214,3,LIFECARE SUPPLIES,42.0,HIGH,Room Temp,WATCH,SYNTHETIC
INV-02-05,MED-CEF-1G,Ceftriaxone,Antibiotic,Injection,1 g,vial,PED,Pediatrics Ward,B20260205,2026-06-22,2026-10-20,112,100,41,2.7,223,3,LIFECARE SUPPLIES,42.0,HIGH,Room Temp,NORMAL,SYNTHETIC
INV-03-01,MED-AMOX-500,Amoxicillin,Antibiotic,Capsule,500 mg,capsule,EMR,Emergency Ward,B20260301,2026-08-09,2026-12-07,270,180,38,7.1,294,5,MEDICARE PHARMA,6.5,MEDIUM,Room Temp,NORMAL,SYNTHETIC
INV-03-02,MED-AMOX-500,Amoxicillin,Antibiotic,Capsule,500 mg,capsule,ICU,ICU,B20260302,2026-09-18,2027-01-16,240,180,41,5.9,303,5,MEDICARE PHARMA,6.5,MEDIUM,Room Temp,NORMAL,SYNTHETIC
INV-03-03,MED-AMOX-500,Amoxicillin,Antibiotic,Capsule,500 mg,capsule,OPD,OPD Store,B20260303,2026-11-07,2027-03-07,405,162,45,9.0,297,5,MEDICARE PHARMA,6.5,MEDIUM,Room Temp,NORMAL,SYNTHETIC
INV-03-04,MED-AMOX-500,Amoxicillin,Antibiotic,Capsule,500 mg,capsule,GEN,General Ward,B20260304,2026-06-18,2026-10-16,285,180,49,5.8,327,5,MEDICARE PHARMA,6.5,MEDIUM,Room Temp,EXPIRY_RISK,SYNTHETIC
INV-03-05,MED-AMOX-500,Amoxicillin,Antibiotic,Capsule,500 mg,capsule,PED,Pediatrics Ward,B20260305,2026-07-15,2026-11-12,210,180,52,4.0,336,5,MEDICARE PHARMA,6.5,MEDIUM,Room Temp,NORMAL,SYNTHETIC
INV-04-01,MED-AZI-500,Azithromycin,Antibiotic,Tablet,500 mg,tablet,EMR,Emergency Ward,B20260401,2026-09-18,2027-01-16,198,120,25,7.9,195,5,HEALWELL DISTRIBUTORS,9.0,MEDIUM,Room Temp,NORMAL,SYNTHETIC
INV-04-02,MED-AZI-500,Azithromycin,Antibiotic,Tablet,500 mg,tablet,ICU,ICU,B20260402,2026-11-07,2027-03-07,176,120,28,6.3,204,5,HEALWELL DISTRIBUTORS,9.0,MEDIUM,Room Temp,NORMAL,SYNTHETIC
INV-04-03,MED-AZI-500,Azithromycin,Antibiotic,Tablet,500 mg,tablet,OPD,OPD Store,B20260403,2026-06-22,2026-10-20,297,108,30,9.9,198,5,HEALWELL DISTRIBUTORS,9.0,MEDIUM,Room Temp,NORMAL,SYNTHETIC
INV-04-04,MED-AZI-500,Azithromycin,Antibiotic,Tablet,500 mg,tablet,GEN,General Ward,B20260404,2026-07-15,2026-11-12,209,120,32,6.5,216,5,HEALWELL DISTRIBUTORS,9.0,MEDIUM,Room Temp,NORMAL,SYNTHETIC
INV-04-05,MED-AZI-500,Azithromycin,Antibiotic,Tablet,500 mg,tablet,PED,Pediatrics Ward,B20260405,2026-07-05,2026-11-02,154,120,35,4.4,225,5,HEALWELL DISTRIBUTORS,9.0,MEDIUM,Room Temp,NORMAL,SYNTHETIC
INV-05-01,MED-PANTO-40,Pantoprazole,GI,Injection,40 mg,vial,EMR,Emergency Ward,B20260501,2026-11-07,2027-03-07,162,100,21,7.7,163,5,LIFECARE SUPPLIES,18.0,MEDIUM,Room Temp,NORMAL,SYNTHETIC
INV-05-02,MED-PANTO-40,Pantoprazole,GI,Injection,40 mg,vial,ICU,ICU,B20260502,2026-06-22,2026-10-20,144,100,23,6.3,169,5,LIFECARE SUPPLIES,18.0,MEDIUM,Room Temp,NORMAL,SYNTHETIC
INV-05-03,MED-PANTO-40,Pantoprazole,GI,Injection,40 mg,vial,OPD,OPD Store,B20260503,2026-07-15,2026-11-12,243,90,25,9.7,165,5,LIFECARE SUPPLIES,18.0,MEDIUM,Room Temp,NORMAL,SYNTHETIC
INV-05-04,MED-PANTO-40,Pantoprazole,GI,Injection,40 mg,vial,GEN,General Ward,B20260504,2026-07-05,2026-11-02,171,100,27,6.3,181,5,LIFECARE SUPPLIES,18.0,MEDIUM,Room Temp,NORMAL,SYNTHETIC
INV-05-05,MED-PANTO-40,Pantoprazole,GI,Injection,40 mg,vial,PED,Pediatrics Ward,B20260505,2026-09-18,2027-01-16,126,100,29,4.3,187,5,LIFECARE SUPPLIES,18.0,MEDIUM,Room Temp,NORMAL,SYNTHETIC
INV-06-01,MED-METF-500,Metformin,Antidiabetic,Tablet,500 mg,tablet,EMR,Emergency Ward,B20260601,2026-06-22,2026-10-20,450,300,59,7.6,477,5,MEDICARE PHARMA,2.2,LOW,Room Temp,NORMAL,SYNTHETIC
INV-06-02,MED-METF-500,Metformin,Antidiabetic,Tablet,500 mg,tablet,ICU,ICU,B20260602,2026-07-15,2026-11-12,400,300,64,6.2,492,5,MEDICARE PHARMA,2.2,LOW,Room Temp,NORMAL,SYNTHETIC
INV-06-03,MED-METF-500,Metformin,Antidiabetic,Tablet,500 mg,tablet,OPD,OPD Store,B20260603,2026-07-05,2026-11-02,675,270,70,9.6,480,5,MEDICARE PHARMA,2.2,LOW,Room Temp,NORMAL,SYNTHETIC
INV-06-04,MED-METF-500,Metformin,Antidiabetic,Tablet,500 mg,tablet,GEN,General Ward,B20260604,2026-09-18,2027-01-16,475,300,76,6.2,528,5,MEDICARE PHARMA,2.2,LOW,Room Temp,NORMAL,SYNTHETIC
INV-06-05,MED-METF-500,Metformin,Antidiabetic,Tablet,500 mg,tablet,PED,Pediatrics Ward,B20260605,2026-11-07,2027-03-07,350,300,81,4.3,543,5,MEDICARE PHARMA,2.2,LOW,Room Temp,NORMAL,SYNTHETIC
INV-07-01,MED-INSR-100,Insulin Regular,Antidiabetic,Injection,100 IU/mL,vial,EMR,Emergency Ward,B20260701,2026-08-14,2026-11-12,50,45,10,5.0,75,3,LIFECARE SUPPLIES,165.0,CRITICAL,2-8C,NORMAL,SYNTHETIC
INV-07-02,MED-INSR-100,Insulin Regular,Antidiabetic,Injection,100 IU/mL,vial,ICU,ICU,B20260702,2026-08-04,2026-11-02,45,45,11,4.1,78,3,LIFECARE SUPPLIES,165.0,CRITICAL,2-8C,NORMAL,SYNTHETIC
INV-07-03,MED-INSR-100,Insulin Regular,Antidiabetic,Injection,100 IU/mL,vial,OPD,OPD Store,B20260703,2026-10-18,2027-01-16,94,40,12,7.8,76,3,LIFECARE SUPPLIES,165.0,CRITICAL,2-8C,NORMAL,SYNTHETIC
INV-07-04,MED-INSR-100,Insulin Regular,Antidiabetic,Injection,100 IU/mL,vial,GEN,General Ward,B20260704,2026-12-07,2027-03-07,66,45,13,5.1,84,3,LIFECARE SUPPLIES,165.0,CRITICAL,2-8C,NORMAL,SYNTHETIC
INV-07-05,MED-INSR-100,Insulin Regular,Antidiabetic,Injection,100 IU/mL,vial,PED,Pediatrics Ward,B20260705,2026-07-22,2026-10-20,49,45,14,3.5,87,3,LIFECARE SUPPLIES,165.0,CRITICAL,2-8C,NORMAL,SYNTHETIC
INV-08-01,MED-D5-500,Dextrose 5% 500ml,IV Fluid,Infusion,5%,bag,EMR,Emergency Ward,B20260801,2026-07-05,2026-11-02,53,80,24,2.2,152,2,VITALMED LOGISTICS,32.0,CRITICAL,Room Temp,LOW_STOCK,SYNTHETIC
INV-08-02,MED-D5-500,Dextrose 5% 500ml,IV Fluid,Infusion,5%,bag,ICU,ICU,B20260802,2026-09-18,2027-01-16,96,80,26,3.7,158,2,VITALMED LOGISTICS,32.0,CRITICAL,Room Temp,NORMAL,SYNTHETIC
INV-08-03,MED-D5-500,Dextrose 5% 500ml,IV Fluid,Infusion,5%,bag,OPD,OPD Store,B20260803,2026-06-18,2026-10-16,243,72,28,8.7,156,2,VITALMED LOGISTICS,32.0,CRITICAL,Room Temp,EXPIRY_RISK,SYNTHETIC
INV-08-04,MED-D5-500,Dextrose 5% 500ml,IV Fluid,Infusion,5%,bag,GEN,General Ward,B20260804,2026-06-22,2026-10-20,114,80,30,3.8,170,2,VITALMED LOGISTICS,32.0,CRITICAL,Room Temp,NORMAL,SYNTHETIC
INV-08-05,MED-D5-500,Dextrose 5% 500ml,IV Fluid,Infusion,5%,bag,PED,Pediatrics Ward,B20260805,2026-07-15,2026-11-12,84,80,32,2.6,176,2,VITALMED LOGISTICS,32.0,CRITICAL,Room Temp,NORMAL,SYNTHETIC
INV-09-01,MED-NS-500,Sodium Chloride 0.9% 500ml,IV Fluid,Infusion,0.9%,bag,EMR,Emergency Ward,B20260901,2026-09-18,2027-01-16,88,90,27,3.3,171,2,VITALMED LOGISTICS,28.0,CRITICAL,Room Temp,NORMAL,SYNTHETIC
INV-09-02,MED-NS-500,Sodium Chloride 0.9% 500ml,IV Fluid,Infusion,0.9%,bag,ICU,ICU,B20260902,2026-11-07,2027-03-07,64,90,29,2.2,177,2,VITALMED LOGISTICS,28.0,CRITICAL,Room Temp,LOW_STOCK,SYNTHETIC
INV-09-03,MED-NS-500,Sodium Chloride 0.9% 500ml,IV Fluid,Infusion,0.9%,bag,OPD,OPD Store,B20260903,2026-06-22,2026-10-20,284,81,32,8.9,177,2,VITALMED LOGISTICS,28.0,CRITICAL,Room Temp,NORMAL,SYNTHETIC
INV-09-04,MED-NS-500,Sodium Chloride 0.9% 500ml,IV Fluid,Infusion,0.9%,bag,GEN,General Ward,B20260904,2026-07-15,2026-11-12,133,90,35,3.8,195,2,VITALMED LOGISTICS,28.0,CRITICAL,Room Temp,NORMAL,SYNTHETIC
INV-09-05,MED-NS-500,Sodium Chloride 0.9% 500ml,IV Fluid,Infusion,0.9%,bag,PED,Pediatrics Ward,B20260905,2026-08-09,2026-12-07,98,90,37,2.6,201,2,VITALMED LOGISTICS,28.0,CRITICAL,Room Temp,NORMAL,SYNTHETIC
INV-10-01,MED-RL-500,Ringer Lactate 500ml,IV Fluid,Infusion,500 ml,bag,EMR,Emergency Ward,B20261001,2026-11-07,2027-03-07,82,85,23,3.6,154,2,VITALMED LOGISTICS,30.0,HIGH,Room Temp,NORMAL,SYNTHETIC
INV-10-02,MED-RL-500,Ringer Lactate 500ml,IV Fluid,Infusion,500 ml,bag,ICU,ICU,B20261002,2026-06-22,2026-10-20,104,85,25,4.2,160,2,VITALMED LOGISTICS,30.0,HIGH,Room Temp,NORMAL,SYNTHETIC
INV-10-03,MED-RL-500,Ringer Lactate 500ml,IV Fluid,Infusion,500 ml,bag,OPD,OPD Store,B20261003,2026-07-15,2026-11-12,263,76,27,9.7,157,2,VITALMED LOGISTICS,30.0,HIGH,Room Temp,NORMAL,SYNTHETIC
INV-10-04,MED-RL-500,Ringer Lactate 500ml,IV Fluid,Infusion,500 ml,bag,GEN,General Ward,B20261004,2026-08-09,2026-12-07,116,85,29,4.0,172,2,VITALMED LOGISTICS,30.0,HIGH,Room Temp,WATCH,SYNTHETIC
INV-10-05,MED-RL-500,Ringer Lactate 500ml,IV Fluid,Infusion,500 ml,bag,PED,Pediatrics Ward,B20261005,2026-09-18,2027-01-16,91,85,31,2.9,178,2,VITALMED LOGISTICS,30.0,HIGH,Room Temp,NORMAL,SYNTHETIC
INV-11-01,MED-OND-4,Ondansetron,Antiemetic,Injection,4 mg/2 mL,ampoule,EMR,Emergency Ward,B20261101,2026-06-22,2026-10-20,162,110,29,5.6,197,5,HEALWELL DISTRIBUTORS,7.5,MEDIUM,Room Temp,NORMAL,SYNTHETIC
INV-11-02,MED-OND-4,Ondansetron,Antiemetic,Injection,4 mg/2 mL,ampoule,ICU,ICU,B20261102,2026-07-15,2026-11-12,144,110,32,4.5,206,5,HEALWELL DISTRIBUTORS,7.5,MEDIUM,Room Temp,NORMAL,SYNTHETIC
INV-11-03,MED-OND-4,Ondansetron,Antiemetic,Injection,4 mg/2 mL,ampoule,OPD,OPD Store,B20261103,2026-08-09,2026-12-07,243,99,35,6.9,204,5,HEALWELL DISTRIBUTORS,7.5,MEDIUM,Room Temp,NORMAL,SYNTHETIC
INV-11-04,MED-OND-4,Ondansetron,Antiemetic,Injection,4 mg/2 mL,ampoule,GEN,General Ward,B20261104,2026-09-18,2027-01-16,171,110,38,4.5,224,5,HEALWELL DISTRIBUTORS,7.5,MEDIUM,Room Temp,NORMAL,SYNTHETIC
INV-11-05,MED-OND-4,Ondansetron,Antiemetic,Injection,4 mg/2 mL,ampoule,PED,Pediatrics Ward,B20261105,2026-06-18,2026-10-16,126,110,41,3.1,233,5,HEALWELL DISTRIBUTORS,7.5,MEDIUM,Room Temp,EXPIRY_RISK,SYNTHETIC
INV-12-01,MED-FUR-40,Furosemide,Cardiac,Injection,10 mg/mL,ampoule,EMR,Emergency Ward,B20261201,2026-07-15,2026-11-12,126,80,18,7.0,134,3,HEALWELL DISTRIBUTORS,5.5,HIGH,Room Temp,NORMAL,SYNTHETIC
INV-12-02,MED-FUR-40,Furosemide,Cardiac,Injection,10 mg/mL,ampoule,ICU,ICU,B20261202,2026-08-09,2026-12-07,80,80,20,4.0,140,3,HEALWELL DISTRIBUTORS,5.5,HIGH,Room Temp,WATCH,SYNTHETIC
INV-12-03,MED-FUR-40,Furosemide,Cardiac,Injection,10 mg/mL,ampoule,OPD,OPD Store,B20261203,2026-09-18,2027-01-16,189,72,22,8.6,138,3,HEALWELL DISTRIBUTORS,5.5,HIGH,Room Temp,NORMAL,SYNTHETIC
INV-12-04,MED-FUR-40,Furosemide,Cardiac,Injection,10 mg/mL,ampoule,GEN,General Ward,B20261204,2026-07-05,2026-11-02,133,80,24,5.5,152,3,HEALWELL DISTRIBUTORS,5.5,HIGH,Room Temp,NORMAL,SYNTHETIC
INV-12-05,MED-FUR-40,Furosemide,Cardiac,Injection,10 mg/mL,ampoule,PED,Pediatrics Ward,B20261205,2026-06-22,2026-10-20,98,80,26,3.8,158,3,HEALWELL DISTRIBUTORS,5.5,HIGH,Room Temp,NORMAL,SYNTHETIC
INV-13-01,MED-ATOR-20,Atorvastatin,Cardiovascular,Tablet,20 mg,tablet,EMR,Emergency Ward,B20261301,2026-08-09,2026-12-07,378,250,46,8.2,388,5,MEDICARE PHARMA,4.2,LOW,Room Temp,NORMAL,SYNTHETIC
INV-13-02,MED-ATOR-20,Atorvastatin,Cardiovascular,Tablet,20 mg,tablet,ICU,ICU,B20261302,2026-09-18,2027-01-16,336,250,51,6.6,403,5,MEDICARE PHARMA,4.2,LOW,Room Temp,NORMAL,SYNTHETIC
INV-13-03,MED-ATOR-20,Atorvastatin,Cardiovascular,Tablet,20 mg,tablet,OPD,OPD Store,B20261303,2026-07-05,2026-11-02,567,225,55,10.3,390,5,MEDICARE PHARMA,4.2,LOW,Room Temp,NORMAL,SYNTHETIC
INV-13-04,MED-ATOR-20,Atorvastatin,Cardiovascular,Tablet,20 mg,tablet,GEN,General Ward,B20261304,2026-06-22,2026-10-20,399,250,59,6.8,427,5,MEDICARE PHARMA,4.2,LOW,Room Temp,NORMAL,SYNTHETIC
INV-13-05,MED-ATOR-20,Atorvastatin,Cardiovascular,Tablet,20 mg,tablet,PED,Pediatrics Ward,B20261305,2026-07-15,2026-11-12,294,250,64,4.6,442,5,MEDICARE PHARMA,4.2,LOW,Room Temp,NORMAL,SYNTHETIC
INV-14-01,MED-HEP-5000,Heparin,Anticoagulant,Injection,5000 IU/mL,vial,EMR,Emergency Ward,B20261401,2026-10-18,2027-01-16,68,60,12,5.7,96,3,LIFECARE SUPPLIES,38.0,CRITICAL,2-8C,NORMAL,SYNTHETIC
INV-14-02,MED-HEP-5000,Heparin,Anticoagulant,Injection,5000 IU/mL,vial,ICU,ICU,B20261402,2026-08-04,2026-11-02,29,60,13,2.2,99,3,LIFECARE SUPPLIES,38.0,CRITICAL,2-8C,LOW_STOCK,SYNTHETIC
INV-14-03,MED-HEP-5000,Heparin,Anticoagulant,Injection,5000 IU/mL,vial,OPD,OPD Store,B20261403,2026-07-22,2026-10-20,128,54,14,9.1,96,3,LIFECARE SUPPLIES,38.0,CRITICAL,2-8C,NORMAL,SYNTHETIC
INV-14-04,MED-HEP-5000,Heparin,Anticoagulant,Injection,5000 IU/mL,vial,GEN,General Ward,B20261404,2026-08-14,2026-11-12,90,60,15,6.0,105,3,LIFECARE SUPPLIES,38.0,CRITICAL,2-8C,NORMAL,SYNTHETIC
INV-14-05,MED-HEP-5000,Heparin,Anticoagulant,Injection,5000 IU/mL,vial,PED,Pediatrics Ward,B20261405,2026-09-08,2026-12-07,66,60,16,4.1,108,3,LIFECARE SUPPLIES,38.0,CRITICAL,2-8C,NORMAL,SYNTHETIC
INV-15-01,MED-ENOX-40,Enoxaparin,Anticoagulant,Injection,40 mg/0.4 mL,syringe,EMR,Emergency Ward,B20261501,2026-08-04,2026-11-02,33,75,15,2.2,120,3,LIFECARE SUPPLIES,72.0,CRITICAL,2-8C,LOW_STOCK,SYNTHETIC
INV-15-02,MED-ENOX-40,Enoxaparin,Anticoagulant,Injection,40 mg/0.4 mL,syringe,ICU,ICU,B20261502,2026-07-22,2026-10-20,77,75,17,4.5,126,3,LIFECARE SUPPLIES,72.0,CRITICAL,2-8C,NORMAL,SYNTHETIC
INV-15-03,MED-ENOX-40,Enoxaparin,Anticoagulant,Injection,40 mg/0.4 mL,syringe,OPD,OPD Store,B20261503,2026-08-14,2026-11-12,162,68,18,9.0,122,3,LIFECARE SUPPLIES,72.0,CRITICAL,2-8C,NORMAL,SYNTHETIC
INV-15-04,MED-ENOX-40,Enoxaparin,Anticoagulant,Injection,40 mg/0.4 mL,syringe,GEN,General Ward,B20261504,2026-09-08,2026-12-07,114,75,19,6.0,132,3,LIFECARE SUPPLIES,72.0,CRITICAL,2-8C,NORMAL,SYNTHETIC
INV-15-05,MED-ENOX-40,Enoxaparin,Anticoagulant,Injection,40 mg/0.4 mL,syringe,PED,Pediatrics Ward,B20261505,2026-10-18,2027-01-16,84,75,21,4.0,138,3,LIFECARE SUPPLIES,72.0,CRITICAL,2-8C,NORMAL,SYNTHETIC
